time_mean,dimension_mean,IP_destination,IP_source,flags1,flags2,flags3,flags4,flags5,flags6,flags7,flags8,method1,method2,method3,method4,method5,method6,method7,method8,class
5,2528,0,1,750,750,750,750,750,750,750,750,0,0,0,0,0,0,0,0,1
4,2056,1,0,500,500,500,500,500,500,500,500,0,0,0,0,0,0,0,0,1
2,2756,1,0,500,500,500,500,500,500,500,500,0,0,0,0,0,0,0,0,1
6,3188,1,0,500,500,500,500,500,500,500,500,0,0,0,0,0,0,0,0,1
5,1644,1,1,500,500,500,500,500,500,500,500,0,0,0,0,0,0,0,0,1
3,2226,1,0,500,500,500,500,500,500,500,500,0,0,0,0,0,0,0,0,1
6,1966,1,1,500,500,500,500,500,500,500,500,0,0,0,0,0,0,0,0,1
4,2939,1,1,500,500,500,500,500,500,500,500,0,0,0,0,0,0,0,0,1
4,2190,1,0,500,500,500,500,500,500,500,500,0,0,0,0,0,0,0,0,1
7,2421,1,1,500,500,500,500,500,500,500,500,0,0,0,0,0,0,0,0,1
7,3849,1,1,500,500,500,500,500,500,500,500,0,0,0,0,0,0,0,0,1
5,3164,1,0,500,500,500,500,500,500,500,500,0,0,0,0,0,0,0,0,1
4,3802,1,1,500,500,500,500,500,500,500,500,0,0,0,0,0,0,0,0,1
6,2193,1,0,500,500,500,500,500,500,500,500,0,0,0,0,0,0,0,0,1
6,2139,1,1,500,500,500,500,500,500,500,500,0,0,0,0,0,0,0,0,1
2,1939,1,1,500,500,500,500,500,500,500,500,0,0,0,0,0,0,0,0,1
6,2438,1,1,500,500,500,500,500,500,500,500,0,0,0,0,0,0,0,0,1
1,2810,1,0,500,500,500,500,500,500,500,500,0,0,0,0,0,0,0,0,1
1,2107,1,1,500,500,500,500,500,500,500,500,0,0,0,0,0,0,0,0,1
7,4149,1,0,500,500,500,500,500,500,500,500,0,0,0,0,0,0,0,0,1
4,2908,1,0,500,500,500,500,500,500,500,500,0,0,0,0,0,0,0,0,1
5,2908,1,1,500,500,500,500,500,500,500,500,0,0,0,0,0,0,0,0,1
4,1532,1,1,500,500,500,500,500,500,500,500,0,0,0,0,0,0,0,0,1
2,3940,1,0,500,500,500,500,500,500,500,500,0,0,0,0,0,0,0,0,1
5,1581,1,0,500,500,500,500,500,500,500,500,0,0,0,0,0,0,0,0,1
8,3805,1,0,500,500,500,500,500,500,500,500,0,0,0,0,0,0,0,0,1
1,1930,1,0,500,500,500,500,500,500,500,500,0,0,0,0,0,0,0,0,1
8,1959,1,0,500,500,500,500,500,500,500,500,0,0,0,0,0,0,0,0,1
7,3262,1,1,500,500,500,500,500,500,500,500,0,0,0,0,0,0,0,0,1
6,2987,1,1,500,500,500,500,500,500,500,500,0,0,0,0,0,0,0,0,1
7,2451,0,1,750,750,750,750,750,750,750,750,0,0,0,0,0,0,0,0,1
1,3092,1,0,500,500,500,500,500,500,500,500,0,0,0,0,0,0,0,0,1
2,2867,1,0,500,500,500,500,500,500,500,500,0,0,0,0,0,0,0,0,1
1,4136,1,1,500,500,500,500,500,500,500,500,0,0,0,0,0,0,0,0,1
8,2122,1,0,500,500,500,500,500,500,500,500,0,0,0,0,0,0,0,0,1
3,2686,1,0,500,500,500,500,500,500,500,500,0,0,0,0,0,0,0,0,1
6,2598,1,0,500,500,500,500,500,500,500,500,0,0,0,0,0,0,0,0,1
5,3657,1,0,500,500,500,500,500,500,500,500,0,0,0,0,0,0,0,0,1
3,2111,1,0,500,500,500,500,500,500,500,500,0,0,0,0,0,0,0,0,1
7,3322,1,1,500,500,500,500,500,500,500,500,0,0,0,0,0,0,0,0,1
15,4823,0,0,750,500,250,250,500,0,250,250,750,0,750,750,500,500,750,500,1
4,2243,1,1,500,500,500,500,500,500,500,500,0,0,0,0,0,0,0,0,1
2,3547,1,1,500,500,500,500,500,500,500,500,0,0,0,0,0,0,0,0,1
3,4332,1,1,500,500,500,500,500,500,500,500,0,0,0,0,0,0,0,0,1
1,2293,1,0,500,500,500,500,500,500,500,500,0,0,0,0,0,0,0,0,1
6,1771,1,1,500,500,500,500,500,500,500,500,0,0,0,0,0,0,0,0,1
4,2948,1,1,500,500,500,500,500,500,500,500,0,0,0,0,0,0,0,0,1
5,1643,1,1,500,500,500,500,500,500,500,500,0,0,0,0,0,0,0,0,1
8,3996,1,1,500,500,500,500,500,500,500,500,0,0,0,0,0,0,0,0,1
6,1579,1,1,500,500,500,500,500,500,500,500,0,0,0,0,0,0,0,0,1
8,6411,1,1,500,250,500,500,500,500,250,250,750,500,500,750,750,500,500,750,1
3,4301,1,1,500,500,500,500,500,500,500,500,0,0,0,0,0,0,0,0,1
2,4393,1,1,500,500,500,500,500,500,500,500,0,0,0,0,0,0,0,0,1
8,2928,1,1,500,500,500,500,500,500,500,500,0,0,0,0,0,0,0,0,1
4,2068,1,0,500,500,500,500,500,500,500,500,0,0,0,0,0,0,0,0,1
4,1712,1,0,500,500,500,500,500,500,500,500,0,0,0,0,0,0,0,0,1
1,1528,1,0,500,500,500,500,500,500,500,500,0,0,0,0,0,0,0,0,1
2,2001,1,1,500,500,500,500,500,500,500,500,0,0,0,0,0,0,0,0,1
7,4399,1,1,500,500,500,500,500,500,500,500,0,0,0,0,0,0,0,0,1
2,1898,1,0,500,500,500,500,500,500,500,500,0,0,0,0,0,0,0,0,1
5,3494,0,1,750,750,750,750,750,750,750,750,0,0,0,0,0,0,0,0,1
7,1622,1,0,500,500,500,500,500,500,500,500,0,0,0,0,0,0,0,0,1
8,3732,1,0,500,500,500,500,500,500,500,500,0,0,0,0,0,0,0,0,1
4,2247,1,0,500,500,500,500,500,500,500,500,0,0,0,0,0,0,0,0,1
7,3623,1,1,500,500,500,500,500,500,500,500,0,0,0,0,0,0,0,0,1
7,1698,1,0,500,500,500,500,500,500,500,500,0,0,0,0,0,0,0,0,1
7,3655,1,0,500,500,500,500,500,500,500,500,0,0,0,0,0,0,0,0,1
5,3863,1,0,500,500,500,500,500,500,500,500,0,0,0,0,0,0,0,0,1
1,4247,1,0,500,500,500,500,500,500,500,500,0,0,0,0,0,0,0,0,1
7,2759,1,1,500,500,500,500,500,500,500,500,0,0,0,0,0,0,0,0,1
1,3952,1,1,500,500,500,500,500,500,500,500,0,0,0,0,0,0,0,0,1
3,3559,1,0,500,500,500,500,500,500,500,500,0,0,0,0,0,0,0,0,1
6,4395,1,0,500,500,500,500,500,500,500,500,0,0,0,0,0,0,0,0,1
8,2489,1,1,500,500,500,500,500,500,500,500,0,0,0,0,0,0,0,0,1
8,2619,1,0,500,500,500,500,500,500,500,500,0,0,0,0,0,0,0,0,1
2,2070,1,0,500,500,500,500,500,500,500,500,0,0,0,0,0,0,0,0,1
8,1598,1,0,500,500,500,500,500,500,500,500,0,0,0,0,0,0,0,0,1
2,2890,1,1,500,500,500,500,500,500,500,500,0,0,0,0,0,0,0,0,1
5,1844,1,1,500,500,500,500,500,500,500,500,0,0,0,0,0,0,0,0,1
6,4309,1,0,500,500,500,500,500,500,500,500,0,0,0,0,0,0,0,0,1
25,4678,1,0,750,250,0,0,250,250,0,750,750,500,250,250,500,0,500,0,1
3,3224,1,0,500,500,500,500,500,500,500,500,0,0,0,0,0,0,0,0,1
8,3514,1,0,500,500,500,500,500,500,500,500,0,0,0,0,0,0,0,0,1
2,3491,1,0,500,500,500,500,500,500,500,500,0,0,0,0,0,0,0,0,1
2,1838,1,1,500,500,500,500,500,500,500,500,0,0,0,0,0,0,0,0,1
7,2871,1,0,500,500,500,500,500,500,500,500,0,0,0,0,0,0,0,0,1
5,4197,1,0,500,500,500,500,500,500,500,500,0,0,0,0,0,0,0,0,1
3,3153,1,1,500,500,500,500,500,500,500,500,0,0,0,0,0,0,0,0,1
5,4365,1,1,500,500,500,500,500,500,500,500,0,0,0,0,0,0,0,0,1
5,2452,1,1,500,500,500,500,500,500,500,500,0,0,0,0,0,0,0,0,1
5,2265,1,1,750,750,750,750,750,750,750,750,0,0,0,0,0,0,0,0,1
5,1863,1,0,500,500,500,500,500,500,500,500,0,0,0,0,0,0,0,0,1
8,3241,1,0,500,500,500,500,500,500,500,500,0,0,0,0,0,0,0,0,1
8,3655,1,1,500,500,500,500,500,500,500,500,0,0,0,0,0,0,0,0,1
7,2042,1,0,500,500,500,500,500,500,500,500,0,0,0,0,0,0,0,0,1
8,3774,1,0,500,500,500,500,500,500,500,500,0,0,0,0,0,0,0,0,1
3,4187,1,0,500,500,500,500,500,500,500,500,0,0,0,0,0,0,0,0,1
2,3170,1,0,500,500,500,500,500,500,500,500,0,0,0,0,0,0,0,0,1
7,4163,1,1,500,500,500,500,500,500,500,500,0,0,0,0,0,0,0,0,1
3,1628,1,0,500,500,500,500,500,500,500,500,0,0,0,0,0,0,0,0,1
13,8976,1,0,500,250,500,250,500,250,250,500,500,750,500,500,500,500,750,750,1
4,2382,1,0,500,500,500,500,500,500,500,500,0,0,0,0,0,0,0,0,1
5,4221,1,0,500,500,500,500,500,500,500,500,0,0,0,0,0,0,0,0,1
6,2756,1,0,500,500,500,500,500,500,500,500,0,0,0,0,0,0,0,0,1
8,2706,1,0,500,500,500,500,500,500,500,500,0,0,0,0,0,0,0,0,1
7,4098,1,1,500,500,500,500,500,500,500,500,0,0,0,0,0,0,0,0,1
2,3404,1,1,500,500,500,500,500,500,500,500,0,0,0,0,0,0,0,0,1
6,2279,1,0,500,500,500,500,500,500,500,500,0,0,0,0,0,0,0,0,1
3,3475,1,1,500,500,500,500,500,500,500,500,0,0,0,0,0,0,0,0,1
3,1671,1,1,500,500,500,500,500,500,500,500,0,0,0,0,0,0,0,0,1
2,3889,1,1,500,500,500,500,500,500,500,500,0,0,0,0,0,0,0,0,1
4,2922,1,1,500,500,500,500,500,500,500,500,0,0,0,0,0,0,0,0,1
1,3065,1,0,500,500,500,500,500,500,500,500,0,0,0,0,0,0,0,0,1
7,3562,1,1,500,500,500,500,500,500,500,500,0,0,0,0,0,0,0,0,1
1,1880,1,0,500,500,500,500,500,500,500,500,0,0,0,0,0,0,0,0,1
1,2275,1,1,500,500,500,500,500,500,500,500,0,0,0,0,0,0,0,0,1
5,3823,1,1,500,500,500,500,500,500,500,500,0,0,0,0,0,0,0,0,1
6,3185,1,1,500,500,500,500,500,500,500,500,0,0,0,0,0,0,0,0,1
7,2272,1,0,500,500,500,500,500,500,500,500,0,0,0,0,0,0,0,0,1
5,2628,1,0,500,500,500,500,500,500,500,500,0,0,0,0,0,0,0,0,1
7,1637,1,1,750,750,750,750,750,750,750,750,0,0,0,0,0,0,0,0,1
1,3340,1,0,500,500,500,500,500,500,500,500,0,0,0,0,0,0,0,0,1
7,1822,1,0,500,500,500,500,500,500,500,500,0,0,0,0,0,0,0,0,1
3,2048,1,1,500,500,500,500,500,500,500,500,0,0,0,0,0,0,0,0,1
8,1581,1,0,500,500,500,500,500,500,500,500,0,0,0,0,0,0,0,0,1
3,2670,1,1,500,500,500,500,500,500,500,500,0,0,0,0,0,0,0,0,1
6,3894,1,0,500,500,500,500,500,500,500,500,0,0,0,0,0,0,0,0,1
1,3572,1,1,500,500,500,500,500,500,500,500,0,0,0,0,0,0,0,0,1
3,2920,1,0,500,500,500,500,500,500,500,500,0,0,0,0,0,0,0,0,1
4,2979,1,1,500,500,500,500,500,500,500,500,0,0,0,0,0,0,0,0,1
5,3916,1,0,500,500,500,500,500,500,500,500,0,0,0,0,0,0,0,0,1
6,4269,1,1,500,500,500,500,500,500,500,500,0,0,0,0,0,0,0,0,1
4,3932,1,0,500,500,500,500,500,500,500,500,0,0,0,0,0,0,0,0,1
2,3359,1,0,500,500,500,500,500,500,500,500,0,0,0,0,0,0,0,0,1
8,1746,1,1,500,500,500,500,500,500,500,500,0,0,0,0,0,0,0,0,1
1,3386,1,1,500,500,500,500,500,500,500,500,0,0,0,0,0,0,0,0,1
5,3582,1,0,500,500,500,500,500,500,500,500,0,0,0,0,0,0,0,0,1
6,4198,1,0,500,500,500,500,500,500,500,500,0,0,0,0,0,0,0,0,1
5,2131,1,0,500,500,500,500,500,500,500,500,0,0,0,0,0,0,0,0,1
5,3380,1,0,500,500,500,500,500,500,500,500,0,0,0,0,0,0,0,0,1
2,3658,1,0,500,500,500,500,500,500,500,500,0,0,0,0,0,0,0,0,1
2,3894,1,1,500,500,500,500,500,500,500,500,0,0,0,0,0,0,0,0,1
1,3455,1,0,500,500,500,500,500,500,500,500,0,0,0,0,0,0,0,0,1
6,2017,1,0,500,500,500,500,500,500,500,500,0,0,0,0,0,0,0,0,1
8,2967,1,0,500,500,500,500,500,500,500,500,0,0,0,0,0,0,0,0,1
1,2527,1,0,500,500,500,500,500,500,500,500,0,0,0,0,0,0,0,0,1
8,2866,1,1,500,500,500,500,500,500,500,500,0,0,0,0,0,0,0,0,1
4,2946,1,0,500,500,500,500,500,500,500,500,0,0,0,0,0,0,0,0,1
4,1898,1,1,500,500,500,500,500,500,500,500,0,0,0,0,0,0,0,0,1
2,3750,1,1,500,500,500,500,500,500,500,500,0,0,0,0,0,0,0,0,1
8,2913,0,1,750,750,750,750,750,750,750,750,0,0,0,0,0,0,0,0,1
4,4010,1,0,500,500,500,500,500,500,500,500,0,0,0,0,0,0,0,0,1
5,1651,1,0,500,500,500,500,500,500,500,500,0,0,0,0,0,0,0,0,1
8,3526,1,0,500,500,500,500,500,500,500,500,0,0,0,0,0,0,0,0,1
3,1824,1,0,500,500,500,500,500,500,500,500,0,0,0,0,0,0,0,0,1
3,2990,1,1,500,500,500,500,500,500,500,500,0,0,0,0,0,0,0,0,1
6,4230,1,1,500,500,500,500,500,500,500,500,0,0,0,0,0,0,0,0,1
8,3647,1,0,500,500,500,500,500,500,500,500,0,0,0,0,0,0,0,0,1
4,3867,1,1,500,500,500,500,500,500,500,500,0,0,0,0,0,0,0,0,1
1,4327,1,1,500,500,500,500,500,500,500,500,0,0,0,0,0,0,0,0,1
17,5766,1,1,250,250,0,750,500,250,250,250,0,500,750,750,500,750,0,0,1
6,3662,1,0,500,500,500,500,500,500,500,500,0,0,0,0,0,0,0,0,1
8,2372,1,0,500,500,500,500,500,500,500,500,0,0,0,0,0,0,0,0,1
2,3743,1,1,500,500,500,500,500,500,500,500,0,0,0,0,0,0,0,0,1
3,4168,1,1,500,500,500,500,500,500,500,500,0,0,0,0,0,0,0,0,1
1,3303,1,0,500,500,500,500,500,500,500,500,0,0,0,0,0,0,0,0,1
8,2373,1,0,500,500,500,500,500,500,500,500,0,0,0,0,0,0,0,0,1
7,2325,1,1,500,500,500,500,500,500,500,500,0,0,0,0,0,0,0,0,1
1,4482,1,1,500,500,500,500,500,500,500,500,0,0,0,0,0,0,0,0,1
8,3423,1,1,500,500,500,500,500,500,500,500,0,0,0,0,0,0,0,0,1
6,3771,1,0,500,500,500,500,500,500,500,500,0,0,0,0,0,0,0,0,1
6,3497,1,1,500,500,500,500,500,500,500,500,0,0,0,0,0,0,0,0,1
1,3802,1,0,500,500,500,500,500,500,500,500,0,0,0,0,0,0,0,0,1
1,3275,1,1,500,500,500,500,500,500,500,500,0,0,0,0,0,0,0,0,1
5,4423,1,1,500,500,500,500,500,500,500,500,0,0,0,0,0,0,0,0,1
7,4146,1,0,500,500,500,500,500,500,500,500,0,0,0,0,0,0,0,0,1
1,3328,1,0,500,500,500,500,500,500,500,500,0,0,0,0,0,0,0,0,1
6,3365,1,1,500,500,500,500,500,500,500,500,0,0,0,0,0,0,0,0,1
7,2636,1,1,500,500,500,500,500,500,500,500,0,0,0,0,0,0,0,0,1
2,3742,1,1,500,500,500,500,500,500,500,500,0,0,0,0,0,0,0,0,1
3,2023,1,1,750,750,750,750,750,750,750,750,0,0,0,0,0,0,0,0,1
5,1751,1,1,500,500,500,500,500,500,500,500,0,0,0,0,0,0,0,0,1
6,3636,1,1,500,500,500,500,500,500,500,500,0,0,0,0,0,0,0,0,1
3,3458,1,0,500,500,500,500,500,500,500,500,0,0,0,0,0,0,0,0,1
1,4132,1,1,500,500,500,500,500,500,500,500,0,0,0,0,0,0,0,0,1
7,1517,1,1,500,500,500,500,500,500,500,500,0,0,0,0,0,0,0,0,1
3,2871,1,1,500,500,500,500,500,500,500,500,0,0,0,0,0,0,0,0,1
7,4162,1,1,500,500,500,500,500,500,500,500,0,0,0,0,0,0,0,0,1
5,2685,1,1,500,500,500,500,500,500,500,500,0,0,0,0,0,0,0,0,1
4,2769,1,1,500,500,500,500,500,500,500,500,0,0,0,0,0,0,0,0,1
6,2577,1,0,500,500,500,500,500,500,500,500,0,0,0,0,0,0,0,0,1
2,2395,1,0,500,500,500,500,500,500,500,500,0,0,0,0,0,0,0,0,1
4,2882,1,1,500,500,500,500,500,500,500,500,0,0,0,0,0,0,0,0,1
1,2946,1,0,500,500,500,500,500,500,500,500,0,0,0,0,0,0,0,0,1
5,2890,1,0,500,500,500,500,500,500,500,500,0,0,0,0,0,0,0,0,1
2,3695,1,1,500,500,500,500,500,500,500,500,0,0,0,0,0,0,0,0,1
5,2771,1,0,500,500,500,500,500,500,500,500,0,0,0,0,0,0,0,0,1
1,2028,1,0,500,500,500,500,500,500,500,500,0,0,0,0,0,0,0,0,1
4,2990,1,0,500,500,500,500,500,500,500,500,0,0,0,0,0,0,0,0,1
6,3113,1,1,500,500,500,500,500,500,500,500,0,0,0,0,0,0,0,0,1
16,5771,0,0,750,500,250,500,250,250,250,250,250,500,0,500,750,0,0,250,1
6,1724,1,0,500,500,500,500,500,500,500,500,0,0,0,0,0,0,0,0,1
4,4091,1,1,500,500,500,500,500,500,500,500,0,0,0,0,0,0,0,0,1
7,3243,1,0,500,500,500,500,500,500,500,500,0,0,0,0,0,0,0,0,1
8,2064,1,1,500,500,500,500,500,500,500,500,0,0,0,0,0,0,0,0,1
7,2816,1,0,500,500,500,500,500,500,500,500,0,0,0,0,0,0,0,0,1
2,3418,1,1,500,500,500,500,500,500,500,500,0,0,0,0,0,0,0,0,1
3,3222,1,1,500,500,500,500,500,500,500,500,0,0,0,0,0,0,0,0,1
1,3608,1,0,500,500,500,500,500,500,500,500,0,0,0,0,0,0,0,0,1
1,1520,1,0,500,500,500,500,500,500,500,500,0,0,0,0,0,0,0,0,1
9,1881,0,1,750,750,750,750,750,750,750,750,0,0,0,0,0,0,0,0,1
2,3487,1,1,500,500,500,500,500,500,500,500,0,0,0,0,0,0,0,0,1
2,4032,1,0,500,500,500,500,500,500,500,500,0,0,0,0,0,0,0,0,1
2,2711,1,1,500,500,500,500,500,500,500,500,0,0,0,0,0,0,0,0,1
7,1614,1,0,500,500,500,500,500,500,500,500,0,0,0,0,0,0,0,0,1
1,2560,1,1,500,500,500,500,500,500,500,500,0,0,0,0,0,0,0,0,1
1,2334,1,1,500,500,500,500,500,500,500,500,0,0,0,0,0,0,0,0,1
1,2662,1,1,500,500,500,500,500,500,500,500,0,0,0,0,0,0,0,0,1
6,3897,1,0,500,500,500,500,500,500,500,500,0,0,0,0,0,0,0,0,1
5,3547,1,0,500,500,500,500,500,500,500,500,0,0,0,0,0,0,0,0,1
3,4327,1,0,500,500,500,500,500,500,500,500,0,0,0,0,0,0,0,0,1
8,2276,1,1,500,500,500,500,500,500,500,500,0,0,0,0,0,0,0,0,1
4,4185,1,0,500,500,500,500,500,500,500,500,0,0,0,0,0,0,0,0,1
6,2665,1,1,500,500,500,500,500,500,500,500,0,0,0,0,0,0,0,0,1
3,3439,1,1,500,500,500,500,500,500,500,500,0,0,0,0,0,0,0,0,1
2,2543,1,0,500,500,500,500,500,500,500,500,0,0,0,0,0,0,0,0,1
2,3628,1,0,500,500,500,500,500,500,500,500,0,0,0,0,0,0,0,0,1
5,3893,1,0,500,500,500,500,500,500,500,500,0,0,0,0,0,0,0,0,1
8,2863,1,1,500,500,500,500,500,500,500,500,0,0,0,0,0,0,0,0,1
4,2842,1,1,500,500,500,500,500,500,500,500,0,0,0,0,0,0,0,0,1
3,1500,1,1,500,500,500,500,500,500,500,500,0,0,0,0,0,0,0,0,1
2,4472,1,0,500,500,500,500,500,500,500,500,0,0,0,0,0,0,0,0,1
4,2305,1,0,500,500,500,500,500,500,500,500,0,0,0,0,0,0,0,0,1
4,4228,1,1,500,500,500,500,500,500,500,500,0,0,0,0,0,0,0,0,1
3,3610,1,1,500,500,500,500,500,500,500,500,0,0,0,0,0,0,0,0,1
7,4281,1,0,500,500,500,500,500,500,500,500,0,0,0,0,0,0,0,0,1
1,3925,1,0,500,500,500,500,500,500,500,500,0,0,0,0,0,0,0,0,1
5,2318,1,0,500,500,500,500,500,500,500,500,0,0,0,0,0,0,0,0,1
7,3531,1,0,500,500,500,500,500,500,500,500,0,0,0,0,0,0,0,0,1
8,2741,1,0,500,500,500,500,500,500,500,500,0,0,0,0,0,0,0,0,1
8,2999,0,1,750,750,750,750,750,750,750,750,0,0,0,0,0,0,0,0,1
2,2388,1,1,500,500,500,500,500,500,500,500,0,0,0,0,0,0,0,0,1
1,1953,1,0,500,500,500,500,500,500,500,500,0,0,0,0,0,0,0,0,1
6,2298,1,0,500,500,500,500,500,500,500,500,0,0,0,0,0,0,0,0,1
2,1679,1,0,500,500,500,500,500,500,500,500,0,0,0,0,0,0,0,0,1
8,1939,1,0,500,500,500,500,500,500,500,500,0,0,0,0,0,0,0,0,1
2,3651,1,0,500,500,500,500,500,500,500,500,0,0,0,0,0,0,0,0,1
7,2076,1,1,500,500,500,500,500,500,500,500,0,0,0,0,0,0,0,0,1
5,2491,1,1,500,500,500,500,500,500,500,500,0,0,0,0,0,0,0,0,1
1,3369,1,1,500,500,500,500,500,500,500,500,0,0,0,0,0,0,0,0,1
9,6870,1,0,250,500,500,250,500,250,250,500,500,750,750,750,500,750,750,500,1
2,3705,1,1,500,500,500,500,500,500,500,500,0,0,0,0,0,0,0,0,1
4,2394,1,0,500,500,500,500,500,500,500,500,0,0,0,0,0,0,0,0,1
1,3605,1,0,500,500,500,500,500,500,500,500,0,0,0,0,0,0,0,0,1
8,2881,1,0,500,500,500,500,500,500,500,500,0,0,0,0,0,0,0,0,1
1,2985,1,0,500,500,500,500,500,500,500,500,0,0,0,0,0,0,0,0,1
7,2995,1,0,500,500,500,500,500,500,500,500,0,0,0,0,0,0,0,0,1
6,3218,1,0,500,500,500,500,500,500,500,500,0,0,0,0,0,0,0,0,1
8,3094,1,0,500,500,500,500,500,500,500,500,0,0,0,0,0,0,0,0,1
8,3457,1,0,500,500,500,500,500,500,500,500,0,0,0,0,0,0,0,0,1
4,2684,1,0,500,500,500,500,500,500,500,500,0,0,0,0,0,0,0,0,1
4,4344,1,0,500,500,500,500,500,500,500,500,0,0,0,0,0,0,0,0,1
8,3846,1,0,500,500,500,500,500,500,500,500,0,0,0,0,0,0,0,0,1
8,3879,1,0,500,500,500,500,500,500,500,500,0,0,0,0,0,0,0,0,1
6,2069,1,0,500,500,500,500,500,500,500,500,0,0,0,0,0,0,0,0,1
4,1700,1,0,500,500,500,500,500,500,500,500,0,0,0,0,0,0,0,0,1
4,3354,1,0,500,500,500,500,500,500,500,500,0,0,0,0,0,0,0,0,1
6,3097,1,0,500,500,500,500,500,500,500,500,0,0,0,0,0,0,0,0,1
3,2013,1,1,500,500,500,500,500,500,500,500,0,0,0,0,0,0,0,0,1
7,4399,1,0,500,500,500,500,500,500,500,500,0,0,0,0,0,0,0,0,1
8,3315,0,1,750,750,750,750,750,750,750,750,0,0,0,0,0,0,0,0,1
6,2831,1,1,500,500,500,500,500,500,500,500,0,0,0,0,0,0,0,0,1
4,2381,1,0,500,500,500,500,500,500,500,500,0,0,0,0,0,0,0,0,1
2,1921,1,0,500,500,500,500,500,500,500,500,0,0,0,0,0,0,0,0,1
8,2081,1,1,500,500,500,500,500,500,500,500,0,0,0,0,0,0,0,0,1
3,2100,1,0,500,500,500,500,500,500,500,500,0,0,0,0,0,0,0,0,1
2,3156,1,1,500,500,500,500,500,500,500,500,0,0,0,0,0,0,0,0,1
4,2268,1,1,500,500,500,500,500,500,500,500,0,0,0,0,0,0,0,0,1
6,2595,1,0,500,500,500,500,500,500,500,500,0,0,0,0,0,0,0,0,1
5,1977,1,1,500,500,500,500,500,500,500,500,0,0,0,0,0,0,0,0,1
20,4726,1,1,500,0,250,500,0,500,250,250,750,500,0,250,0,500,0,250,1
4,3403,1,1,500,500,500,500,500,500,500,500,0,0,0,0,0,0,0,0,1
6,2332,1,0,500,500,500,500,500,500,500,500,0,0,0,0,0,0,0,0,1
1,2647,1,1,500,500,500,500,500,500,500,500,0,0,0,0,0,0,0,0,1
2,3605,1,1,500,500,500,500,500,500,500,500,0,0,0,0,0,0,0,0,1
6,2842,1,0,500,500,500,500,500,500,500,500,0,0,0,0,0,0,0,0,1
3,1759,1,1,500,500,500,500,500,500,500,500,0,0,0,0,0,0,0,0,1
2,2582,1,0,500,500,500,500,500,500,500,500,0,0,0,0,0,0,0,0,1
4,3363,1,1,500,500,500,500,500,500,500,500,0,0,0,0,0,0,0,0,1
6,3270,1,1,500,500,500,500,500,500,500,500,0,0,0,0,0,0,0,0,1
7,2879,1,1,500,500,500,500,500,500,500,500,0,0,0,0,0,0,0,0,1
3,2595,1,0,500,500,500,500,500,500,500,500,0,0,0,0,0,0,0,0,1
7,1567,1,0,500,500,500,500,500,500,500,500,0,0,0,0,0,0,0,0,1
6,3707,1,0,500,500,500,500,500,500,500,500,0,0,0,0,0,0,0,0,1
3,2486,1,0,500,500,500,500,500,500,500,500,0,0,0,0,0,0,0,0,1
1,2858,1,0,500,500,500,500,500,500,500,500,0,0,0,0,0,0,0,0,1
5,4000,1,1,500,500,500,500,500,500,500,500,0,0,0,0,0,0,0,0,1
8,4070,1,0,500,500,500,500,500,500,500,500,0,0,0,0,0,0,0,0,1
3,3328,1,1,500,500,500,500,500,500,500,500,0,0,0,0,0,0,0,0,1
8,2319,1,1,500,500,500,500,500,500,500,500,0,0,0,0,0,0,0,0,1
9,1654,0,1,750,750,750,750,750,750,750,750,0,0,0,0,0,0,0,0,1
2,4274,1,1,500,500,500,500,500,500,500,500,0,0,0,0,0,0,0,0,1
5,2628,1,1,500,500,500,500,500,500,500,500,0,0,0,0,0,0,0,0,1
4,4258,1,1,500,500,500,500,500,500,500,500,0,0,0,0,0,0,0,0,1
3,2316,1,1,500,500,500,500,500,500,500,500,0,0,0,0,0,0,0,0,1
3,2274,1,0,500,500,500,500,500,500,500,500,0,0,0,0,0,0,0,0,1
5,1676,1,0,500,500,500,500,500,500,500,500,0,0,0,0,0,0,0,0,1
1,4487,1,1,500,500,500,500,500,500,500,500,0,0,0,0,0,0,0,0,1
8,2666,1,1,500,500,500,500,500,500,500,500,0,0,0,0,0,0,0,0,1
3,3609,1,0,500,500,500,500,500,500,500,500,0,0,0,0,0,0,0,0,1
2,1662,1,0,500,500,500,500,500,500,500,500,0,0,0,0,0,0,0,0,1
8,2313,1,0,500,500,500,500,500,500,500,500,0,0,0,0,0,0,0,0,1
8,2557,1,1,500,500,500,500,500,500,500,500,0,0,0,0,0,0,0,0,1
5,3207,1,1,500,500,500,500,500,500,500,500,0,0,0,0,0,0,0,0,1
7,2529,1,1,500,500,500,500,500,500,500,500,0,0,0,0,0,0,0,0,1
2,3550,1,1,500,500,500,500,500,500,500,500,0,0,0,0,0,0,0,0,1
4,4168,1,1,500,500,500,500,500,500,500,500,0,0,0,0,0,0,0,0,1
5,2001,1,0,500,500,500,500,500,500,500,500,0,0,0,0,0,0,0,0,1
1,1817,1,1,500,500,500,500,500,500,500,500,0,0,0,0,0,0,0,0,1
8,1978,1,0,500,500,500,500,500,500,500,500,0,0,0,0,0,0,0,0,1
21,5351,1,1,0,500,250,250,500,0,500,0,0,750,250,250,0,500,500,750,1
4,4331,1,1,500,500,500,500,500,500,500,500,0,0,0,0,0,0,0,0,1
8,4489,1,1,500,500,500,500,500,500,500,500,0,0,0,0,0,0,0,0,1
4,4241,1,0,500,500,500,500,500,500,500,500,0,0,0,0,0,0,0,0,1
4,4313,1,0,500,500,500,500,500,500,500,500,0,0,0,0,0,0,0,0,1
7,3709,1,0,500,500,500,500,500,500,500,500,0,0,0,0,0,0,0,0,1
2,3455,1,1,500,500,500,500,500,500,500,500,0,0,0,0,0,0,0,0,1
5,1571,1,0,500,500,500,500,500,500,500,500,0,0,0,0,0,0,0,0,1
3,4052,1,1,500,500,500,500,500,500,500,500,0,0,0,0,0,0,0,0,1
2,2762,1,0,500,500,500,500,500,500,500,500,0,0,0,0,0,0,0,0,1
5,3356,0,1,750,750,750,750,750,750,750,750,0,0,0,0,0,0,0,0,1
7,2555,1,1,500,500,500,500,500,500,500,500,0,0,0,0,0,0,0,0,1
6,2016,1,0,500,500,500,500,500,500,500,500,0,0,0,0,0,0,0,0,1
8,4169,1,0,500,500,500,500,500,500,500,500,0,0,0,0,0,0,0,0,1
3,3659,1,0,500,500,500,500,500,500,500,500,0,0,0,0,0,0,0,0,1
4,1816,1,0,500,500,500,500,500,500,500,500,0,0,0,0,0,0,0,0,1
4,2122,1,1,500,500,500,500,500,500,500,500,0,0,0,0,0,0,0,0,1
5,3432,1,0,500,500,500,500,500,500,500,500,0,0,0,0,0,0,0,0,1
1,2020,1,1,500,500,500,500,500,500,500,500,0,0,0,0,0,0,0,0,1
7,3384,1,0,500,500,500,500,500,500,500,500,0,0,0,0,0,0,0,0,1
8,1688,1,0,500,500,500,500,500,500,500,500,0,0,0,0,0,0,0,0,1
5,1574,1,1,500,500,500,500,500,500,500,500,0,0,0,0,0,0,0,0,1
5,1973,1,0,500,500,500,500,500,500,500,500,0,0,0,0,0,0,0,0,1
6,3021,1,0,500,500,500,500,500,500,500,500,0,0,0,0,0,0,0,0,1
8,2384,1,1,500,500,500,500,500,500,500,500,0,0,0,0,0,0,0,0,1
1,2393,1,0,500,500,500,500,500,500,500,500,0,0,0,0,0,0,0,0,1
6,2930,1,0,500,500,500,500,500,500,500,500,0,0,0,0,0,0,0,0,1
3,3266,1,1,500,500,500,500,500,500,500,500,0,0,0,0,0,0,0,0,1
1,3607,1,0,500,500,500,500,500,500,500,500,0,0,0,0,0,0,0,0,1
7,2871,1,1,500,500,500,500,500,500,500,500,0,0,0,0,0,0,0,0,1
12,5412,1,1,500,250,250,500,250,250,500,500,750,500,750,750,750,750,750,750,1
2,3938,1,0,500,500,500,500,500,500,500,500,0,0,0,0,0,0,0,0,1
7,4089,1,1,500,500,500,500,500,500,500,500,0,0,0,0,0,0,0,0,1
3,2901,1,0,500,500,500,500,500,500,500,500,0,0,0,0,0,0,0,0,1
3,1578,1,1,500,500,500,500,500,500,500,500,0,0,0,0,0,0,0,0,1
7,4181,1,1,500,500,500,500,500,500,500,500,0,0,0,0,0,0,0,0,1
4,2932,1,0,500,500,500,500,500,500,500,500,0,0,0,0,0,0,0,0,1
1,2982,1,1,500,500,500,500,500,500,500,500,0,0,0,0,0,0,0,0,1
8,3408,1,0,500,500,500,500,500,500,500,500,0,0,0,0,0,0,0,0,1
6,4016,1,1,500,500,500,500,500,500,500,500,0,0,0,0,0,0,0,0,1
8,3155,1,1,750,750,750,750,750,750,750,750,0,0,0,0,0,0,0,0,1
2,4336,1,0,500,500,500,500,500,500,500,500,0,0,0,0,0,0,0,0,1
6,2970,1,0,500,500,500,500,500,500,500,500,0,0,0,0,0,0,0,0,1
7,4250,1,1,500,500,500,500,500,500,500,500,0,0,0,0,0,0,0,0,1
2,1617,1,1,500,500,500,500,500,500,500,500,0,0,0,0,0,0,0,0,1
3,2424,1,1,500,500,500,500,500,500,500,500,0,0,0,0,0,0,0,0,1
7,3172,1,0,500,500,500,500,500,500,500,500,0,0,0,0,0,0,0,0,1
1,1968,1,1,500,500,500,500,500,500,500,500,0,0,0,0,0,0,0,0,1
2,2334,1,1,500,500,500,500,500,500,500,500,0,0,0,0,0,0,0,0,1
8,2542,1,1,500,500,500,500,500,500,500,500,0,0,0,0,0,0,0,0,1
7,2314,1,1,500,500,500,500,500,500,500,500,0,0,0,0,0,0,0,0,1
2,2737,1,1,500,500,500,500,500,500,500,500,0,0,0,0,0,0,0,0,1
1,2793,1,0,500,500,500,500,500,500,500,500,0,0,0,0,0,0,0,0,1
3,3542,1,0,500,500,500,500,500,500,500,500,0,0,0,0,0,0,0,0,1
8,1939,1,1,500,500,500,500,500,500,500,500,0,0,0,0,0,0,0,0,1
8,4064,1,1,500,500,500,500,500,500,500,500,0,0,0,0,0,0,0,0,1
7,3488,1,0,500,500,500,500,500,500,500,500,0,0,0,0,0,0,0,0,1
2,2395,1,1,500,500,500,500,500,500,500,500,0,0,0,0,0,0,0,0,1
8,1726,1,1,500,500,500,500,500,500,500,500,0,0,0,0,0,0,0,0,1
5,2965,1,0,500,500,500,500,500,500,500,500,0,0,0,0,0,0,0,0,1
5,3231,1,1,500,500,500,500,500,500,500,500,0,0,0,0,0,0,0,0,1
3,2068,1,1,500,500,500,500,500,500,500,500,0,0,0,0,0,0,0,0,1
7,3644,1,1,500,500,500,500,500,500,500,500,0,0,0,0,0,0,0,0,1
6,4078,1,0,500,500,500,500,500,500,500,500,0,0,0,0,0,0,0,0,1
8,2775,1,0,500,500,500,500,500,500,500,500,0,0,0,0,0,0,0,0,1
7,1850,1,0,500,500,500,500,500,500,500,500,0,0,0,0,0,0,0,0,1
3,4435,1,1,500,500,500,500,500,500,500,500,0,0,0,0,0,0,0,0,1
1,3647,1,1,500,500,500,500,500,500,500,500,0,0,0,0,0,0,0,0,1
2,3371,1,1,500,500,500,500,500,500,500,500,0,0,0,0,0,0,0,0,1
1,4493,1,1,500,500,500,500,500,500,500,500,0,0,0,0,0,0,0,0,1
4,1859,1,1,750,750,750,750,750,750,750,750,0,0,0,0,0,0,0,0,1
3,2375,1,1,500,500,500,500,500,500,500,500,0,0,0,0,0,0,0,0,1
7,2541,1,1,500,500,500,500,500,500,500,500,0,0,0,0,0,0,0,0,1
8,3809,1,0,500,500,500,500,500,500,500,500,0,0,0,0,0,0,0,0,1
3,3685,1,1,500,500,500,500,500,500,500,500,0,0,0,0,0,0,0,0,1
5,1857,1,0,500,500,500,500,500,500,500,500,0,0,0,0,0,0,0,0,1
5,4439,1,1,500,500,500,500,500,500,500,500,0,0,0,0,0,0,0,0,1
4,3647,1,0,500,500,500,500,500,500,500,500,0,0,0,0,0,0,0,0,1
3,4318,1,1,500,500,500,500,500,500,500,500,0,0,0,0,0,0,0,0,1
4,3253,1,1,500,500,500,500,500,500,500,500,0,0,0,0,0,0,0,0,1
15,6124,1,0,250,500,0,0,0,500,500,250,500,750,750,750,0,0,500,0,1
6,3242,1,0,500,500,500,500,500,500,500,500,0,0,0,0,0,0,0,0,1
5,3351,1,0,500,500,500,500,500,500,500,500,0,0,0,0,0,0,0,0,1
2,3212,1,1,500,500,500,500,500,500,500,500,0,0,0,0,0,0,0,0,1
7,2258,1,0,500,500,500,500,500,500,500,500,0,0,0,0,0,0,0,0,1
4,3745,1,0,500,500,500,500,500,500,500,500,0,0,0,0,0,0,0,0,1
1,4405,1,1,500,500,500,500,500,500,500,500,0,0,0,0,0,0,0,0,1
8,1582,1,0,500,500,500,500,500,500,500,500,0,0,0,0,0,0,0,0,1
7,2252,1,0,500,500,500,500,500,500,500,500,0,0,0,0,0,0,0,0,1
7,3440,1,0,500,500,500,500,500,500,500,500,0,0,0,0,0,0,0,0,1
8,2392,1,1,500,500,500,500,500,500,500,500,0,0,0,0,0,0,0,0,1
8,1517,1,1,500,500,500,500,500,500,500,500,0,0,0,0,0,0,0,0,1
2,2173,1,0,500,500,500,500,500,500,500,500,0,0,0,0,0,0,0,0,1
3,2468,1,1,500,500,500,500,500,500,500,500,0,0,0,0,0,0,0,0,1
6,2376,1,1,500,500,500,500,500,500,500,500,0,0,0,0,0,0,0,0,1
1,3085,1,0,500,500,500,500,500,500,500,500,0,0,0,0,0,0,0,0,1
5,1812,1,0,500,500,500,500,500,500,500,500,0,0,0,0,0,0,0,0,1
6,3135,1,1,500,500,500,500,500,500,500,500,0,0,0,0,0,0,0,0,1
8,3616,1,0,500,500,500,500,500,500,500,500,0,0,0,0,0,0,0,0,1
3,1621,1,1,500,500,500,500,500,500,500,500,0,0,0,0,0,0,0,0,1
4,3344,1,1,750,750,750,750,750,750,750,750,0,0,0,0,0,0,0,0,1
2,3589,1,1,500,500,500,500,500,500,500,500,0,0,0,0,0,0,0,0,1
5,1994,1,0,500,500,500,500,500,500,500,500,0,0,0,0,0,0,0,0,1
8,4119,1,0,500,500,500,500,500,500,500,500,0,0,0,0,0,0,0,0,1
5,3692,1,0,500,500,500,500,500,500,500,500,0,0,0,0,0,0,0,0,1
2,2885,1,0,500,500,500,500,500,500,500,500,0,0,0,0,0,0,0,0,1
4,2331,1,1,500,500,500,500,500,500,500,500,0,0,0,0,0,0,0,0,1
7,1559,1,1,500,500,500,500,500,500,500,500,0,0,0,0,0,0,0,0,1
4,1795,1,1,500,500,500,500,500,500,500,500,0,0,0,0,0,0,0,0,1
7,4288,1,0,500,500,500,500,500,500,500,500,0,0,0,0,0,0,0,0,1
7,3373,1,1,500,500,500,500,500,500,500,500,0,0,0,0,0,0,0,0,1
8,2197,1,0,500,500,500,500,500,500,500,500,0,0,0,0,0,0,0,0,1
3,1768,1,1,500,500,500,500,500,500,500,500,0,0,0,0,0,0,0,0,1
2,2886,1,0,500,500,500,500,500,500,500,500,0,0,0,0,0,0,0,0,1
4,1965,1,0,500,500,500,500,500,500,500,500,0,0,0,0,0,0,0,0,1
7,1879,1,1,500,500,500,500,500,500,500,500,0,0,0,0,0,0,0,0,1
4,4166,1,1,500,500,500,500,500,500,500,500,0,0,0,0,0,0,0,0,1
2,3909,1,0,500,500,500,500,500,500,500,500,0,0,0,0,0,0,0,0,1
3,3633,1,1,500,500,500,500,500,500,500,500,0,0,0,0,0,0,0,0,1
6,3744,1,1,500,500,500,500,500,500,500,500,0,0,0,0,0,0,0,0,1
13,4919,1,0,250,0,250,250,0,0,500,0,500,0,250,500,750,0,500,750,1
8,4217,1,1,500,500,500,500,500,500,500,500,0,0,0,0,0,0,0,0,1
7,3096,1,1,500,500,500,500,500,500,500,500,0,0,0,0,0,0,0,0,1
6,2421,1,0,500,500,500,500,500,500,500,500,0,0,0,0,0,0,0,0,1
3,2764,1,0,500,500,500,500,500,500,500,500,0,0,0,0,0,0,0,0,1
6,2761,1,0,500,500,500,500,500,500,500,500,0,0,0,0,0,0,0,0,1
1,3559,1,1,500,500,500,500,500,500,500,500,0,0,0,0,0,0,0,0,1
5,3345,1,0,500,500,500,500,500,500,500,500,0,0,0,0,0,0,0,0,1
2,2462,1,0,500,500,500,500,500,500,500,500,0,0,0,0,0,0,0,0,1
3,2992,1,0,500,500,500,500,500,500,500,500,0,0,0,0,0,0,0,0,1
6,3403,1,1,750,750,750,750,750,750,750,750,0,0,0,0,0,0,0,0,1
8,3365,1,0,500,500,500,500,500,500,500,500,0,0,0,0,0,0,0,0,1
3,2728,1,1,500,500,500,500,500,500,500,500,0,0,0,0,0,0,0,0,1
1,3532,1,1,500,500,500,500,500,500,500,500,0,0,0,0,0,0,0,0,1
2,3410,1,0,500,500,500,500,500,500,500,500,0,0,0,0,0,0,0,0,1
8,3182,1,0,500,500,500,500,500,500,500,500,0,0,0,0,0,0,0,0,1
2,2720,1,1,500,500,500,500,500,500,500,500,0,0,0,0,0,0,0,0,1
3,3573,1,0,500,500,500,500,500,500,500,500,0,0,0,0,0,0,0,0,1
1,2437,1,1,500,500,500,500,500,500,500,500,0,0,0,0,0,0,0,0,1
6,2780,1,1,500,500,500,500,500,500,500,500,0,0,0,0,0,0,0,0,1
6,4403,1,0,500,500,500,500,500,500,500,500,0,0,0,0,0,0,0,0,1
3,3857,1,0,500,500,500,500,500,500,500,500,0,0,0,0,0,0,0,0,1
4,4093,1,0,500,500,500,500,500,500,500,500,0,0,0,0,0,0,0,0,1
6,1560,1,1,500,500,500,500,500,500,500,500,0,0,0,0,0,0,0,0,1
5,3789,1,0,500,500,500,500,500,500,500,500,0,0,0,0,0,0,0,0,1
2,4332,1,0,500,500,500,500,500,500,500,500,0,0,0,0,0,0,0,0,1
2,3086,1,1,500,500,500,500,500,500,500,500,0,0,0,0,0,0,0,0,1
7,2479,1,1,500,500,500,500,500,500,500,500,0,0,0,0,0,0,0,0,1
8,3011,1,1,500,500,500,500,500,500,500,500,0,0,0,0,0,0,0,0,1
1,4264,1,1,500,500,500,500,500,500,500,500,0,0,0,0,0,0,0,0,1
2,1977,1,0,500,500,500,500,500,500,500,500,0,0,0,0,0,0,0,0,1
6,1693,1,1,500,500,500,500,500,500,500,500,0,0,0,0,0,0,0,0,1
2,4244,1,0,500,500,500,500,500,500,500,500,0,0,0,0,0,0,0,0,1
8,2971,1,0,500,500,500,500,500,500,500,500,0,0,0,0,0,0,0,0,1
6,1520,1,0,500,500,500,500,500,500,500,500,0,0,0,0,0,0,0,0,1
3,4390,1,0,500,500,500,500,500,500,500,500,0,0,0,0,0,0,0,0,1
5,2632,1,1,500,500,500,500,500,500,500,500,0,0,0,0,0,0,0,0,1
6,3239,1,0,500,500,500,500,500,500,500,500,0,0,0,0,0,0,0,0,1
7,1884,1,0,500,500,500,500,500,500,500,500,0,0,0,0,0,0,0,0,1
5,4129,1,0,500,500,500,500,500,500,500,500,0,0,0,0,0,0,0,0,1
7,2041,1,1,750,750,750,750,750,750,750,750,0,0,0,0,0,0,0,0,1
1,3150,1,0,500,500,500,500,500,500,500,500,0,0,0,0,0,0,0,0,1
1,4296,1,0,500,500,500,500,500,500,500,500,0,0,0,0,0,0,0,0,1
5,1865,1,1,500,500,500,500,500,500,500,500,0,0,0,0,0,0,0,0,1
7,4269,1,1,500,500,500,500,500,500,500,500,0,0,0,0,0,0,0,0,1
3,3519,1,0,500,500,500,500,500,500,500,500,0,0,0,0,0,0,0,0,1
1,3751,1,0,500,500,500,500,500,500,500,500,0,0,0,0,0,0,0,0,1
6,3970,1,1,500,500,500,500,500,500,500,500,0,0,0,0,0,0,0,0,1
4,2301,1,1,500,500,500,500,500,500,500,500,0,0,0,0,0,0,0,0,1
7,3604,1,0,500,500,500,500,500,500,500,500,0,0,0,0,0,0,0,0,1
7,3289,1,0,500,500,500,500,500,500,500,500,0,0,0,0,0,0,0,0,1
1,1887,1,1,500,500,500,500,500,500,500,500,0,0,0,0,0,0,0,0,1
8,3058,1,1,500,500,500,500,500,500,500,500,0,0,0,0,0,0,0,0,1
1,3405,1,1,500,500,500,500,500,500,500,500,0,0,0,0,0,0,0,0,1
4,3566,1,1,500,500,500,500,500,500,500,500,0,0,0,0,0,0,0,0,1
5,3076,1,1,500,500,500,500,500,500,500,500,0,0,0,0,0,0,0,0,1
5,2448,1,0,500,500,500,500,500,500,500,500,0,0,0,0,0,0,0,0,1
2,1609,1,1,500,500,500,500,500,500,500,500,0,0,0,0,0,0,0,0,1
6,3763,1,0,500,500,500,500,500,500,500,500,0,0,0,0,0,0,0,0,1
8,3498,1,1,500,500,500,500,500,500,500,500,0,0,0,0,0,0,0,0,1
4,8432,1,0,250,250,500,500,500,250,500,250,750,500,750,750,500,500,750,750,1
2,2009,1,1,500,500,500,500,500,500,500,500,0,0,0,0,0,0,0,0,1
3,2784,1,0,500,500,500,500,500,500,500,500,0,0,0,0,0,0,0,0,1
2,2025,1,0,500,500,500,500,500,500,500,500,0,0,0,0,0,0,0,0,1
4,4375,1,0,500,500,500,500,500,500,500,500,0,0,0,0,0,0,0,0,1
6,2504,1,1,500,500,500,500,500,500,500,500,0,0,0,0,0,0,0,0,1
3,3533,1,0,500,500,500,500,500,500,500,500,0,0,0,0,0,0,0,0,1
2,3923,1,0,500,500,500,500,500,500,500,500,0,0,0,0,0,0,0,0,1
8,2615,1,0,500,500,500,500,500,500,500,500,0,0,0,0,0,0,0,0,1
1,2552,1,1,500,500,500,500,500,500,500,500,0,0,0,0,0,0,0,0,1
5,2130,1,1,750,750,750,750,750,750,750,750,0,0,0,0,0,0,0,0,1
1,2422,1,0,500,500,500,500,500,500,500,500,0,0,0,0,0,0,0,0,1
1,4431,1,0,500,500,500,500,500,500,500,500,0,0,0,0,0,0,0,0,1
4,2341,1,1,500,500,500,500,500,500,500,500,0,0,0,0,0,0,0,0,1
3,2869,1,0,500,500,500,500,500,500,500,500,0,0,0,0,0,0,0,0,1
5,4311,1,1,500,500,500,500,500,500,500,500,0,0,0,0,0,0,0,0,1
1,3437,1,0,500,500,500,500,500,500,500,500,0,0,0,0,0,0,0,0,1
3,3145,1,1,500,500,500,500,500,500,500,500,0,0,0,0,0,0,0,0,1
3,3608,1,0,500,500,500,500,500,500,500,500,0,0,0,0,0,0,0,0,1
2,4266,1,0,500,500,500,500,500,500,500,500,0,0,0,0,0,0,0,0,1
20,6367,0,0,0,500,500,250,500,0,0,750,0,500,250,250,250,500,750,750,1
7,1621,1,0,500,500,500,500,500,500,500,500,0,0,0,0,0,0,0,0,1
1,2544,1,1,500,500,500,500,500,500,500,500,0,0,0,0,0,0,0,0,1
5,1552,1,0,500,500,500,500,500,500,500,500,0,0,0,0,0,0,0,0,1
1,2934,1,0,500,500,500,500,500,500,500,500,0,0,0,0,0,0,0,0,1
7,4052,1,1,500,500,500,500,500,500,500,500,0,0,0,0,0,0,0,0,1
4,1670,1,1,500,500,500,500,500,500,500,500,0,0,0,0,0,0,0,0,1
1,4092,1,1,500,500,500,500,500,500,500,500,0,0,0,0,0,0,0,0,1
3,2122,1,1,500,500,500,500,500,500,500,500,0,0,0,0,0,0,0,0,1
3,2030,1,1,500,500,500,500,500,500,500,500,0,0,0,0,0,0,0,0,1
2,3974,1,0,500,500,500,500,500,500,500,500,0,0,0,0,0,0,0,0,1
1,2953,1,0,500,500,500,500,500,500,500,500,0,0,0,0,0,0,0,0,1
5,4475,1,1,500,500,500,500,500,500,500,500,0,0,0,0,0,0,0,0,1
1,2706,1,1,500,500,500,500,500,500,500,500,0,0,0,0,0,0,0,0,1
5,2553,1,1,500,500,500,500,500,500,500,500,0,0,0,0,0,0,0,0,1
5,2891,1,1,500,500,500,500,500,500,500,500,0,0,0,0,0,0,0,0,1
3,3807,1,0,500,500,500,500,500,500,500,500,0,0,0,0,0,0,0,0,1
4,3936,1,1,500,500,500,500,500,500,500,500,0,0,0,0,0,0,0,0,1
1,2518,1,0,500,500,500,500,500,500,500,500,0,0,0,0,0,0,0,0,1
6,3424,1,0,500,500,500,500,500,500,500,500,0,0,0,0,0,0,0,0,1
9,3418,1,1,750,750,750,750,750,750,750,750,0,0,0,0,0,0,0,0,1
4,2033,1,1,500,500,500,500,500,500,500,500,0,0,0,0,0,0,0,0,1
8,3164,1,1,500,500,500,500,500,500,500,500,0,0,0,0,0,0,0,0,1
1,2110,1,0,500,500,500,500,500,500,500,500,0,0,0,0,0,0,0,0,1
6,2502,1,0,500,500,500,500,500,500,500,500,0,0,0,0,0,0,0,0,1
7,3096,1,0,500,500,500,500,500,500,500,500,0,0,0,0,0,0,0,0,1
8,2024,1,0,500,500,500,500,500,500,500,500,0,0,0,0,0,0,0,0,1
7,3014,1,1,500,500,500,500,500,500,500,500,0,0,0,0,0,0,0,0,1
2,3521,1,0,500,500,500,500,500,500,500,500,0,0,0,0,0,0,0,0,1
4,4481,1,1,500,500,500,500,500,500,500,500,0,0,0,0,0,0,0,0,1
5,7067,1,0,250,500,500,500,250,500,500,250,500,500,750,500,750,500,750,500,1
3,3075,1,0,500,500,500,500,500,500,500,500,0,0,0,0,0,0,0,0,1
8,2684,1,1,500,500,500,500,500,500,500,500,0,0,0,0,0,0,0,0,1
8,3168,1,1,500,500,500,500,500,500,500,500,0,0,0,0,0,0,0,0,1
4,4229,1,0,500,500,500,500,500,500,500,500,0,0,0,0,0,0,0,0,1
2,1864,1,0,500,500,500,500,500,500,500,500,0,0,0,0,0,0,0,0,1
5,2362,1,1,500,500,500,500,500,500,500,500,0,0,0,0,0,0,0,0,1
2,3429,1,1,500,500,500,500,500,500,500,500,0,0,0,0,0,0,0,0,1
3,3004,1,0,500,500,500,500,500,500,500,500,0,0,0,0,0,0,0,0,1
1,2093,1,0,500,500,500,500,500,500,500,500,0,0,0,0,0,0,0,0,1
22,4969,0,0,250,500,500,750,500,500,0,250,250,500,750,500,500,500,250,0,1
6,2442,1,0,500,500,500,500,500,500,500,500,0,0,0,0,0,0,0,0,1
3,4470,1,0,500,500,500,500,500,500,500,500,0,0,0,0,0,0,0,0,1
7,2998,1,1,500,500,500,500,500,500,500,500,0,0,0,0,0,0,0,0,1
1,4494,1,0,500,500,500,500,500,500,500,500,0,0,0,0,0,0,0,0,1
6,2657,1,0,500,500,500,500,500,500,500,500,0,0,0,0,0,0,0,0,1
7,3835,1,0,500,500,500,500,500,500,500,500,0,0,0,0,0,0,0,0,1
4,3977,1,1,500,500,500,500,500,500,500,500,0,0,0,0,0,0,0,0,1
2,3005,1,1,500,500,500,500,500,500,500,500,0,0,0,0,0,0,0,0,1
5,2091,1,0,500,500,500,500,500,500,500,500,0,0,0,0,0,0,0,0,1
5,2511,0,1,750,750,750,750,750,750,750,750,0,0,0,0,0,0,0,0,1
4,1901,1,1,500,500,500,500,500,500,500,500,0,0,0,0,0,0,0,0,1
4,1592,1,0,500,500,500,500,500,500,500,500,0,0,0,0,0,0,0,0,1
6,2799,1,1,500,500,500,500,500,500,500,500,0,0,0,0,0,0,0,0,1
6,1744,1,0,500,500,500,500,500,500,500,500,0,0,0,0,0,0,0,0,1
3,2982,1,0,500,500,500,500,500,500,500,500,0,0,0,0,0,0,0,0,1
6,1834,1,1,500,500,500,500,500,500,500,500,0,0,0,0,0,0,0,0,1
1,4488,1,0,500,500,500,500,500,500,500,500,0,0,0,0,0,0,0,0,1
2,4149,1,1,500,500,500,500,500,500,500,500,0,0,0,0,0,0,0,0,1
5,4202,1,1,500,500,500,500,500,500,500,500,0,0,0,0,0,0,0,0,1
4,2205,1,0,500,500,500,500,500,500,500,500,0,0,0,0,0,0,0,0,1
2,2568,1,1,500,500,500,500,500,500,500,500,0,0,0,0,0,0,0,0,1
4,2530,1,0,500,500,500,500,500,500,500,500,0,0,0,0,0,0,0,0,1
8,3262,1,1,500,500,500,500,500,500,500,500,0,0,0,0,0,0,0,0,1
7,3711,1,1,500,500,500,500,500,500,500,500,0,0,0,0,0,0,0,0,1
7,4241,1,0,500,500,500,500,500,500,500,500,0,0,0,0,0,0,0,0,1
1,2433,1,1,500,500,500,500,500,500,500,500,0,0,0,0,0,0,0,0,1
5,2432,1,0,500,500,500,500,500,500,500,500,0,0,0,0,0,0,0,0,1
2,1548,1,0,500,500,500,500,500,500,500,500,0,0,0,0,0,0,0,0,1
6,4123,1,0,500,500,500,500,500,500,500,500,0,0,0,0,0,0,0,0,1
6,3308,1,1,500,500,500,500,500,500,500,500,0,0,0,0,0,0,0,0,1
1,1998,1,1,500,500,500,500,500,500,500,500,0,0,0,0,0,0,0,0,1
4,4021,1,1,500,500,500,500,500,500,500,500,0,0,0,0,0,0,0,0,1
2,3349,1,1,500,500,500,500,500,500,500,500,0,0,0,0,0,0,0,0,1
7,4462,1,1,500,500,500,500,500,500,500,500,0,0,0,0,0,0,0,0,1
7,2679,1,1,500,500,500,500,500,500,500,500,0,0,0,0,0,0,0,0,1
2,2819,1,0,500,500,500,500,500,500,500,500,0,0,0,0,0,0,0,0,1
7,3556,1,0,500,500,500,500,500,500,500,500,0,0,0,0,0,0,0,0,1
5,2357,1,0,500,500,500,500,500,500,500,500,0,0,0,0,0,0,0,0,1
5,1880,1,1,500,500,500,500,500,500,500,500,0,0,0,0,0,0,0,0,1
8,2716,0,1,750,750,750,750,750,750,750,750,0,0,0,0,0,0,0,0,1
7,3362,1,1,500,500,500,500,500,500,500,500,0,0,0,0,0,0,0,0,1
4,2262,1,0,500,500,500,500,500,500,500,500,0,0,0,0,0,0,0,0,1
6,1719,1,0,500,500,500,500,500,500,500,500,0,0,0,0,0,0,0,0,1
5,3299,1,1,500,500,500,500,500,500,500,500,0,0,0,0,0,0,0,0,1
3,4280,1,1,500,500,500,500,500,500,500,500,0,0,0,0,0,0,0,0,1
6,1673,1,0,500,500,500,500,500,500,500,500,0,0,0,0,0,0,0,0,1
3,2494,1,0,500,500,500,500,500,500,500,500,0,0,0,0,0,0,0,0,1
3,3133,1,1,500,500,500,500,500,500,500,500,0,0,0,0,0,0,0,0,1
8,3037,1,1,500,500,500,500,500,500,500,500,0,0,0,0,0,0,0,0,1
6,2048,1,1,500,500,500,500,500,500,500,500,0,0,0,0,0,0,0,0,1
8,4063,1,1,500,500,500,500,500,500,500,500,0,0,0,0,0,0,0,0,1
8,1542,1,0,500,500,500,500,500,500,500,500,0,0,0,0,0,0,0,0,1
1,2969,1,0,500,500,500,500,500,500,500,500,0,0,0,0,0,0,0,0,1
7,2539,1,1,500,500,500,500,500,500,500,500,0,0,0,0,0,0,0,0,1
7,4324,1,0,500,500,500,500,500,500,500,500,0,0,0,0,0,0,0,0,1
4,2353,1,1,500,500,500,500,500,500,500,500,0,0,0,0,0,0,0,0,1
5,2261,1,1,500,500,500,500,500,500,500,500,0,0,0,0,0,0,0,0,1
5,4251,1,0,500,500,500,500,500,500,500,500,0,0,0,0,0,0,0,0,1
2,3513,1,0,500,500,500,500,500,500,500,500,0,0,0,0,0,0,0,0,1
8,3145,1,0,500,500,500,500,500,500,500,500,0,0,0,0,0,0,0,0,1
3,2115,1,1,500,500,500,500,500,500,500,500,0,0,0,0,0,0,0,0,1
4,3984,1,0,500,500,500,500,500,500,500,500,0,0,0,0,0,0,0,0,1
5,4495,1,0,500,500,500,500,500,500,500,500,0,0,0,0,0,0,0,0,1
5,2280,1,1,500,500,500,500,500,500,500,500,0,0,0,0,0,0,0,0,1
8,2224,1,0,500,500,500,500,500,500,500,500,0,0,0,0,0,0,0,0,1
8,2343,1,0,500,500,500,500,500,500,500,500,0,0,0,0,0,0,0,0,1
4,3357,1,0,500,500,500,500,500,500,500,500,0,0,0,0,0,0,0,0,1
3,2448,1,0,500,500,500,500,500,500,500,500,0,0,0,0,0,0,0,0,1
2,4471,1,0,500,500,500,500,500,500,500,500,0,0,0,0,0,0,0,0,1
7,3077,1,1,750,750,750,750,750,750,750,750,0,0,0,0,0,0,0,0,1
5,2547,1,0,500,500,500,500,500,500,500,500,0,0,0,0,0,0,0,0,1
7,2517,1,1,500,500,500,500,500,500,500,500,0,0,0,0,0,0,0,0,1
5,2553,1,0,500,500,500,500,500,500,500,500,0,0,0,0,0,0,0,0,1
6,3455,1,1,500,500,500,500,500,500,500,500,0,0,0,0,0,0,0,0,1
8,3057,1,0,500,500,500,500,500,500,500,500,0,0,0,0,0,0,0,0,1
5,3238,1,1,500,500,500,500,500,500,500,500,0,0,0,0,0,0,0,0,1
3,2718,1,0,500,500,500,500,500,500,500,500,0,0,0,0,0,0,0,0,1
1,2459,1,0,500,500,500,500,500,500,500,500,0,0,0,0,0,0,0,0,1
5,3443,1,1,500,500,500,500,500,500,500,500,0,0,0,0,0,0,0,0,1